transazione,data_vendita,libro,pezzi,prezzo,cliente
1,2017-02-04,1,1,14.9,6906
1,2017-02-04,5,1,12.9,6906
2,2017-03-03,1,1,14.9,6720
2,2017-03-03,3,1,14.9,6720
2,2017-03-03,4,1,12.9,6720
2,2017-03-03,3,1,14.9,6720
3,2017-04-05,5,1,12.9,8674
3,2017-04-05,3,1,14.9,8674
3,2017-04-05,3,1,14.9,8674
4,2017-03-08,1,1,14.9,6032
4,2017-03-08,2,1,12.9,6032
4,2017-03-08,1,1,14.9,6032
4,2017-03-08,4,1,12.9,6032
5,2017-02-13,2,1,12.9,6277
5,2017-02-13,5,1,12.9,6277
5,2017-02-13,3,1,14.9,6277
6,2017-02-15,4,1,12.9,8127
6,2017-02-15,3,1,14.9,8127
6,2017-02-15,4,1,12.9,8127
7,2017-02-11,1,1,14.9,7537
7,2017-02-11,4,1,12.9,7537
7,2017-02-11,2,1,12.9,7537
7,2017-02-11,3,2,14.9,7537
8,2017-03-12,1,1,14.9,8055
8,2017-03-12,2,1,12.9,8055
8,2017-03-12,1,1,14.9,8055
8,2017-03-12,3,1,14.9,8055
9,2017-01-07,1,1,14.9,7915
9,2017-01-07,2,1,12.9,7915
9,2017-01-07,3,1,14.9,7915
9,2017-01-07,5,1,12.9,7915
9,2017-01-07,4,1,12.9,7915
10,2017-01-27,4,1,12.9,8890
10,2017-01-27,4,1,12.9,8890
11,2017-04-23,2,1,12.9,7006
11,2017-04-23,5,1,12.9,7006
11,2017-04-23,4,1,12.9,7006
11,2017-04-23,1,1,14.9,7006
12,2017-01-09,4,1,12.9,6802
12,2017-01-09,2,1,12.9,6802
12,2017-01-09,3,1,14.9,6802
12,2017-01-09,2,1,12.9,6802
12,2017-01-09,5,3,12.9,6802
12,2017-01-09,4,1,12.9,6802
12,2017-01-09,2,1,12.9,6802
13,2017-04-22,4,1,12.9,7127
13,2017-04-22,1,1,14.9,7127
13,2017-04-22,2,1,12.9,7127
13,2017-04-22,1,1,14.9,7127
14,2017-03-31,4,1,12.9,6390
14,2017-03-31,4,1,12.9,6390
14,2017-03-31,4,1,12.9,6390
14,2017-03-31,5,1,12.9,6390
15,2017-01-31,5,1,12.9,7552
15,2017-01-31,5,2,12.9,7552
15,2017-01-31,3,1,14.9,7552
16,2017-02-24,3,1,14.9,6397
16,2017-02-24,1,1,14.9,6397
16,2017-02-24,4,1,12.9,6397
16,2017-02-24,1,1,14.9,6397
16,2017-02-24,5,1,12.9,6397
17,2017-01-19,2,1,12.9,6576
17,2017-01-19,5,1,12.9,6576
18,2017-04-11,1,1,14.9,8717
19,2017-04-01,5,1,12.9,8109
19,2017-04-01,1,1,14.9,8109
20,2017-02-10,5,1,12.9,6891
20,2017-02-10,4,1,12.9,6891
21,2017-03-16,1,1,14.9,6397
21,2017-03-16,2,1,12.9,6397
21,2017-03-16,5,1,12.9,6397
21,2017-03-16,2,1,12.9,6397
22,2017-03-30,3,1,14.9,7774
22,2017-03-30,5,1,12.9,7774
22,2017-03-30,1,1,14.9,7774
23,2017-01-28,4,1,12.9,7891
23,2017-01-28,1,1,14.9,7891
23,2017-01-28,1,2,14.9,7891
23,2017-01-28,5,1,12.9,7891
23,2017-01-28,3,1,14.9,7891
24,2017-01-24,4,1,12.9,6605
24,2017-01-24,2,1,12.9,6605
24,2017-01-24,5,1,12.9,6605
24,2017-01-24,1,1,14.9,6605
25,2017-01-09,2,1,12.9,7918
25,2017-01-09,2,1,12.9,7918
25,2017-01-09,2,1,12.9,7918
26,2017-01-10,4,1,12.9,7818
26,2017-01-10,4,1,12.9,7818
26,2017-01-10,4,1,12.9,7818
26,2017-01-10,2,1,12.9,7818
26,2017-01-10,1,1,14.9,7818
26,2017-01-10,5,1,12.9,7818
26,2017-01-10,2,1,12.9,7818
26,2017-01-10,5,1,12.9,7818
27,2017-04-30,4,1,12.9,7472
27,2017-04-30,5,1,12.9,7472
27,2017-04-30,3,1,14.9,7472
27,2017-04-30,5,2,12.9,7472
27,2017-04-30,1,1,14.9,7472
28,2017-04-21,4,1,12.9,6704
28,2017-04-21,1,1,14.9,6704
29,2017-03-29,3,1,14.9,6767
29,2017-03-29,1,1,14.9,6767
29,2017-03-29,4,1,12.9,6767
29,2017-03-29,5,1,12.9,6767
29,2017-03-29,4,1,12.9,6767
29,2017-03-29,5,1,12.9,6767
29,2017-03-29,1,1,14.9,6767
30,2017-01-04,1,1,14.9,6931
30,2017-01-04,5,1,12.9,6931
31,2017-04-17,3,1,14.9,7730
31,2017-04-17,1,1,14.9,7730
31,2017-04-17,3,1,14.9,7730
32,2017-03-14,5,1,12.9,6304
32,2017-03-14,1,1,14.9,6304
33,2017-04-11,1,1,14.9,8313
33,2017-04-11,1,1,14.9,8313
34,2017-01-23,2,1,12.9,7225
34,2017-01-23,3,1,14.9,7225
34,2017-01-23,1,1,14.9,7225
35,2017-03-25,3,1,14.9,7949
35,2017-03-25,2,1,12.9,7949
35,2017-03-25,4,1,12.9,7949
35,2017-03-25,4,1,12.9,7949
36,2017-01-06,5,1,12.9,7225
36,2017-01-06,3,1,14.9,7225
36,2017-01-06,5,1,12.9,7225
37,2017-04-07,3,1,14.9,8057
37,2017-04-07,3,1,14.9,8057
37,2017-04-07,5,1,12.9,8057
37,2017-04-07,4,1,12.9,8057
37,2017-04-07,1,1,14.9,8057
37,2017-04-07,5,1,12.9,8057
38,2017-02-07,4,1,12.9,6869
38,2017-02-07,5,1,12.9,6869
39,2017-03-10,3,1,14.9,7203
39,2017-03-10,4,1,12.9,7203
40,2017-01-09,4,1,12.9,7907
40,2017-01-09,2,1,12.9,7907
40,2017-01-09,1,1,14.9,7907
40,2017-01-09,4,1,12.9,7907
41,2017-02-22,4,1,12.9,8172
41,2017-02-22,3,1,14.9,8172
41,2017-02-22,4,1,12.9,8172
41,2017-02-22,5,1,12.9,8172
42,2017-03-21,1,1,14.9,6869
42,2017-03-21,4,1,12.9,6869
42,2017-03-21,5,1,12.9,6869
43,2017-03-27,3,1,14.9,8151
43,2017-03-27,3,1,14.9,8151
43,2017-03-27,5,1,12.9,8151
44,2017-01-17,1,1,14.9,8530
44,2017-01-17,2,1,12.9,8530
45,2017-03-17,4,1,12.9,6097
45,2017-03-17,5,1,12.9,6097
45,2017-03-17,3,1,14.9,6097
45,2017-03-17,1,1,14.9,6097
46,2017-01-04,4,1,12.9,7696
46,2017-01-04,2,1,12.9,7696
46,2017-01-04,4,1,12.9,7696
46,2017-01-04,2,1,12.9,7696
47,2017-02-03,5,1,12.9,7126
47,2017-02-03,3,1,14.9,7126
47,2017-02-03,2,1,12.9,7126
48,2017-02-03,2,1,12.9,8745
48,2017-02-03,3,1,14.9,8745
48,2017-02-03,5,1,12.9,8745
49,2017-01-25,2,1,12.9,8433
49,2017-01-25,1,1,14.9,8433
49,2017-01-25,3,1,14.9,8433
49,2017-01-25,4,1,12.9,8433
49,2017-01-25,5,1,12.9,8433
49,2017-01-25,4,1,12.9,8433
49,2017-01-25,1,1,14.9,8433
49,2017-01-25,1,1,14.9,8433
50,2017-04-04,3,1,14.9,8946
51,2017-03-09,3,1,14.9,7632
51,2017-03-09,3,1,14.9,7632
52,2017-03-01,3,1,14.9,8771
52,2017-03-01,4,1,12.9,8771
52,2017-03-01,3,1,14.9,8771
53,2017-01-04,2,1,12.9,8999
53,2017-01-04,4,1,12.9,8999
54,2017-02-15,3,1,14.9,6271
54,2017-02-15,1,1,14.9,6271
54,2017-02-15,4,1,12.9,6271
55,2017-03-31,2,1,12.9,7426
55,2017-03-31,2,1,12.9,7426
55,2017-03-31,3,1,14.9,7426
55,2017-03-31,3,1,14.9,7426
55,2017-03-31,4,1,12.9,7426
56,2017-01-10,5,1,12.9,7151
56,2017-01-10,2,1,12.9,7151
56,2017-01-10,4,1,12.9,7151
56,2017-01-10,5,1,12.9,7151
57,2017-02-10,3,1,14.9,7930
57,2017-02-10,4,1,12.9,7930
57,2017-02-10,3,1,14.9,7930
58,2017-03-01,3,1,14.9,8015
58,2017-03-01,1,1,14.9,8015
58,2017-03-01,2,1,12.9,8015
58,2017-03-01,4,1,12.9,8015
58,2017-03-01,4,1,12.9,8015
59,2017-01-17,2,1,12.9,8722
59,2017-01-17,4,1,12.9,8722
60,2017-03-12,5,1,12.9,6593
60,2017-03-12,4,1,12.9,6593
60,2017-03-12,3,1,14.9,6593
61,2017-02-17,1,1,14.9,7041
61,2017-02-17,1,1,14.9,7041
62,2017-01-12,4,1,12.9,6262
62,2017-01-12,3,1,14.9,6262
62,2017-01-12,4,1,12.9,6262
62,2017-01-12,1,1,14.9,6262
63,2017-04-26,1,1,14.9,8944
63,2017-04-26,3,1,14.9,8944
64,2017-03-17,5,1,12.9,6555
64,2017-03-17,2,1,12.9,6555
65,2017-02-02,1,1,14.9,8996
65,2017-02-02,5,1,12.9,8996
66,2017-04-12,5,1,12.9,7660
67,2017-03-05,2,1,12.9,6489
67,2017-03-05,3,1,14.9,6489
67,2017-03-05,1,1,14.9,6489
68,2017-02-14,4,1,12.9,8140
68,2017-02-14,1,1,14.9,8140
68,2017-02-14,5,1,12.9,8140
68,2017-02-14,2,1,12.9,8140
68,2017-02-14,3,1,14.9,8140
68,2017-02-14,5,1,12.9,8140
69,2017-04-10,3,1,14.9,7310
69,2017-04-10,3,1,14.9,7310
69,2017-04-10,3,1,14.9,7310
70,2017-04-15,1,1,14.9,8810
70,2017-04-15,3,1,14.9,8810
70,2017-04-15,1,1,14.9,8810
70,2017-04-15,2,1,12.9,8810
71,2017-03-07,5,1,12.9,7018
71,2017-03-07,1,1,14.9,7018
71,2017-03-07,5,1,12.9,7018
71,2017-03-07,3,1,14.9,7018
71,2017-03-07,4,1,12.9,7018
72,2017-04-20,3,1,14.9,6997
73,2017-04-25,3,1,14.9,7802
73,2017-04-25,2,1,12.9,7802
73,2017-04-25,5,1,12.9,7802
73,2017-04-25,1,1,14.9,7802
73,2017-04-25,2,1,12.9,7802
73,2017-04-25,1,1,14.9,7802
74,2017-01-23,1,1,14.9,7838
74,2017-01-23,4,1,12.9,7838
74,2017-01-23,2,1,12.9,7838
74,2017-01-23,3,1,14.9,7838
74,2017-01-23,5,1,12.9,7838
75,2017-02-13,3,1,14.9,8277
75,2017-02-13,4,1,12.9,8277
75,2017-02-13,5,1,12.9,8277
75,2017-02-13,5,1,12.9,8277
76,2017-04-14,5,1,12.9,7152
76,2017-04-14,1,1,14.9,7152
76,2017-04-14,1,1,14.9,7152
76,2017-04-14,4,1,12.9,7152
76,2017-04-14,2,1,12.9,7152
77,2017-03-14,2,1,12.9,7724
77,2017-03-14,4,1,12.9,7724
77,2017-03-14,5,1,12.9,7724
77,2017-03-14,3,1,14.9,7724
77,2017-03-14,1,1,14.9,7724
78,2017-01-19,1,1,14.9,6157
78,2017-01-19,3,1,14.9,6157
78,2017-01-19,1,1,14.9,6157
78,2017-01-19,1,1,14.9,6157
79,2017-03-12,2,1,12.9,7692
80,2017-01-27,4,1,12.9,7425
80,2017-01-27,1,1,14.9,7425
80,2017-01-27,3,3,14.9,7425
81,2017-03-02,1,1,14.9,6546
82,2017-04-22,3,1,14.9,6963
82,2017-04-22,2,1,12.9,6963
82,2017-04-22,3,1,14.9,6963
82,2017-04-22,5,1,12.9,6963
83,2017-01-12,5,1,12.9,6802
83,2017-01-12,4,1,12.9,6802
83,2017-01-12,3,1,14.9,6802
84,2017-03-22,4,1,12.9,6859
84,2017-03-22,5,1,12.9,6859
84,2017-03-22,3,1,14.9,6859
85,2017-04-09,3,1,14.9,6349
85,2017-04-09,3,1,14.9,6349
85,2017-04-09,4,1,12.9,6349
85,2017-04-09,1,1,14.9,6349
86,2017-04-25,4,1,12.9,8780
86,2017-04-25,5,1,12.9,8780
86,2017-04-25,4,1,12.9,8780
86,2017-04-25,1,1,14.9,8780
87,2017-01-21,2,1,12.9,8131
87,2017-01-21,5,1,12.9,8131
88,2017-01-08,3,1,14.9,6958
88,2017-01-08,5,1,12.9,6958
88,2017-01-08,1,1,14.9,6958
88,2017-01-08,1,1,14.9,6958
89,2017-03-15,4,1,12.9,6077
89,2017-03-15,5,1,12.9,6077
89,2017-03-15,3,1,14.9,6077
90,2017-04-08,1,1,14.9,6142
90,2017-04-08,4,1,12.9,6142
90,2017-04-08,1,1,14.9,6142
90,2017-04-08,2,1,12.9,6142
90,2017-04-08,3,1,14.9,6142
90,2017-04-08,2,1,12.9,6142
91,2017-04-29,3,1,14.9,7857
91,2017-04-29,4,1,12.9,7857
91,2017-04-29,4,1,12.9,7857
91,2017-04-29,3,1,14.9,7857
92,2017-01-16,1,1,14.9,6056
92,2017-01-16,1,1,14.9,6056
92,2017-01-16,4,1,12.9,6056
92,2017-01-16,3,1,14.9,6056
93,2017-04-14,4,1,12.9,8157
93,2017-04-14,1,1,14.9,8157
93,2017-04-14,3,1,14.9,8157
94,2017-01-09,4,1,12.9,8021
94,2017-01-09,4,1,12.9,8021
94,2017-01-09,2,1,12.9,8021
94,2017-01-09,1,1,14.9,8021
95,2017-02-10,3,1,14.9,8987
95,2017-02-10,1,1,14.9,8987
95,2017-02-10,1,1,14.9,8987
96,2017-02-24,1,1,14.9,7368
96,2017-02-24,5,1,12.9,7368
96,2017-02-24,3,1,14.9,7368
97,2017-02-03,1,1,14.9,8008
97,2017-02-03,4,1,12.9,8008
97,2017-02-03,5,1,12.9,8008
97,2017-02-03,1,1,14.9,8008
98,2017-03-12,2,2,12.9,6448
99,2017-01-29,2,1,12.9,8126
99,2017-01-29,2,1,12.9,8126
99,2017-01-29,2,1,12.9,8126
99,2017-01-29,5,1,12.9,8126
99,2017-01-29,1,1,14.9,8126
99,2017-01-29,1,1,14.9,8126
100,2017-02-11,3,1,14.9,6817
100,2017-02-11,5,1,12.9,6817
101,2017-03-14,4,1,12.9,7750
102,2017-03-07,3,1,14.9,6643
102,2017-03-07,5,1,12.9,6643
102,2017-03-07,4,1,12.9,6643
102,2017-03-07,4,1,12.9,6643
102,2017-03-07,5,1,12.9,6643
102,2017-03-07,4,1,12.9,6643
102,2017-03-07,3,1,14.9,6643
103,2017-04-19,3,1,14.9,8381
103,2017-04-19,2,1,12.9,8381
103,2017-04-19,1,1,14.9,8381
103,2017-04-19,4,1,12.9,8381
103,2017-04-19,2,1,12.9,8381
104,2017-04-11,1,1,14.9,7864
104,2017-04-11,3,1,14.9,7864
104,2017-04-11,1,1,14.9,7864
105,2017-01-28,1,1,14.9,7782
105,2017-01-28,3,1,14.9,7782
105,2017-01-28,2,1,12.9,7782
106,2017-01-20,4,1,12.9,8103
106,2017-01-20,5,1,12.9,8103
107,2017-03-06,4,1,12.9,6739
107,2017-03-06,1,1,14.9,6739
107,2017-03-06,2,1,12.9,6739
107,2017-03-06,2,1,12.9,6739
107,2017-03-06,5,1,12.9,6739
108,2017-01-25,3,1,14.9,8068
108,2017-01-25,2,1,12.9,8068
109,2017-02-14,4,1,12.9,7915
109,2017-02-14,2,1,12.9,7915
110,2017-04-22,1,1,14.9,7564
110,2017-04-22,4,1,12.9,7564
110,2017-04-22,5,1,12.9,7564
110,2017-04-22,2,1,12.9,7564
110,2017-04-22,1,1,14.9,7564
110,2017-04-22,1,1,14.9,7564
110,2017-04-22,3,1,14.9,7564
111,2017-02-07,3,1,14.9,8534
111,2017-02-07,2,1,12.9,8534
112,2017-03-21,4,1,12.9,6801
112,2017-03-21,3,1,14.9,6801
112,2017-03-21,2,1,12.9,6801
112,2017-03-21,5,1,12.9,6801
112,2017-03-21,1,1,14.9,6801
113,2017-03-24,2,1,12.9,7884
113,2017-03-24,2,1,12.9,7884
114,2017-04-08,1,1,14.9,7482
114,2017-04-08,2,1,12.9,7482
114,2017-04-08,4,1,12.9,7482
115,2017-04-17,5,1,12.9,8497
115,2017-04-17,5,1,12.9,8497
116,2017-04-22,5,1,12.9,6358
116,2017-04-22,4,1,12.9,6358
116,2017-04-22,1,1,14.9,6358
117,2017-01-17,5,1,12.9,7931
117,2017-01-17,1,1,14.9,7931
117,2017-01-17,4,1,12.9,7931
117,2017-01-17,3,1,14.9,7931
117,2017-01-17,5,1,12.9,7931
117,2017-01-17,1,1,14.9,7931
118,2017-02-04,4,1,12.9,7480
118,2017-02-04,2,1,12.9,7480
119,2017-03-13,2,1,12.9,6932
119,2017-03-13,5,1,12.9,6932
119,2017-03-13,4,1,12.9,6932
119,2017-03-13,1,1,14.9,6932
120,2017-03-08,4,1,12.9,7120
120,2017-03-08,5,1,12.9,7120
120,2017-03-08,1,1,14.9,7120
121,2017-03-22,1,1,14.9,7710
121,2017-03-22,5,1,12.9,7710
121,2017-03-22,2,1,12.9,7710
121,2017-03-22,3,1,14.9,7710
121,2017-03-22,2,1,12.9,7710
122,2017-04-13,1,1,14.9,7749
122,2017-04-13,3,1,14.9,7749
122,2017-04-13,5,1,12.9,7749
122,2017-04-13,3,1,14.9,7749
123,2017-04-11,2,1,12.9,6214
123,2017-04-11,5,1,12.9,6214
123,2017-04-11,3,1,14.9,6214
124,2017-02-05,1,1,14.9,7185
124,2017-02-05,2,1,12.9,7185
125,2017-02-12,4,1,12.9,8371
125,2017-02-12,4,1,12.9,8371
125,2017-02-12,3,1,14.9,8371
125,2017-02-12,5,2,12.9,8371
126,2017-03-11,3,1,14.9,6667
126,2017-03-11,4,1,12.9,6667
126,2017-03-11,3,1,14.9,6667
127,2017-04-01,1,1,14.9,6542
127,2017-04-01,3,1,14.9,6542
127,2017-04-01,3,1,14.9,6542
127,2017-04-01,2,1,12.9,6542
127,2017-04-01,1,1,14.9,6542
128,2017-03-26,1,1,14.9,7350
128,2017-03-26,1,1,14.9,7350
128,2017-03-26,1,1,14.9,7350
129,2017-03-16,2,1,12.9,6718
129,2017-03-16,1,1,14.9,6718
129,2017-03-16,1,1,14.9,6718
129,2017-03-16,5,1,12.9,6718
129,2017-03-16,2,1,12.9,6718
130,2017-02-22,2,1,12.9,8988
130,2017-02-22,2,1,12.9,8988
130,2017-02-22,5,1,12.9,8988
131,2017-03-05,5,1,12.9,7031
131,2017-03-05,4,1,12.9,7031
131,2017-03-05,1,1,14.9,7031
131,2017-03-05,1,1,14.9,7031
131,2017-03-05,5,1,12.9,7031
132,2017-01-25,1,1,14.9,6760
132,2017-01-25,5,1,12.9,6760
132,2017-01-25,1,1,14.9,6760
132,2017-01-25,1,2,14.9,6760
132,2017-01-25,2,1,12.9,6760
133,2017-02-10,2,2,12.9,6012
133,2017-02-10,3,1,14.9,6012
133,2017-02-10,5,1,12.9,6012
134,2017-02-27,4,1,12.9,8983
134,2017-02-27,4,1,12.9,8983
134,2017-02-27,2,1,12.9,8983
134,2017-02-27,3,1,14.9,8983
134,2017-02-27,4,1,12.9,8983
135,2017-01-23,5,1,12.9,8252
135,2017-01-23,2,1,12.9,8252
135,2017-01-23,5,1,12.9,8252
136,2017-04-18,5,1,12.9,8518
136,2017-04-18,3,1,14.9,8518
136,2017-04-18,5,1,12.9,8518
136,2017-04-18,3,1,14.9,8518
136,2017-04-18,5,1,12.9,8518
136,2017-04-18,5,1,12.9,8518
137,2017-01-16,5,1,12.9,6071
137,2017-01-16,3,1,14.9,6071
137,2017-01-16,5,1,12.9,6071
137,2017-01-16,4,1,12.9,6071
138,2017-04-05,3,1,14.9,7710
138,2017-04-05,2,1,12.9,7710
138,2017-04-05,4,1,12.9,7710
139,2017-03-01,5,1,12.9,7328
139,2017-03-01,4,1,12.9,7328
139,2017-03-01,5,1,12.9,7328
140,2017-01-22,5,1,12.9,8950
141,2017-02-18,4,1,12.9,8112
141,2017-02-18,4,1,12.9,8112
141,2017-02-18,3,1,14.9,8112
141,2017-02-18,4,1,12.9,8112
142,2017-01-29,5,1,12.9,7577
142,2017-01-29,3,1,14.9,7577
142,2017-01-29,5,1,12.9,7577
142,2017-01-29,4,1,12.9,7577
143,2017-02-10,1,1,14.9,6652
143,2017-02-10,5,1,12.9,6652
143,2017-02-10,3,1,14.9,6652
144,2017-03-09,2,1,12.9,7325
144,2017-03-09,5,1,12.9,7325
144,2017-03-09,4,1,12.9,7325
144,2017-03-09,3,1,14.9,7325
145,2017-01-28,2,1,12.9,7057
145,2017-01-28,4,1,12.9,7057
145,2017-01-28,2,1,12.9,7057
145,2017-01-28,1,1,14.9,7057
146,2017-04-16,1,1,14.9,7577
147,2017-03-05,2,1,12.9,7143
147,2017-03-05,3,1,14.9,7143
147,2017-03-05,1,1,14.9,7143
147,2017-03-05,1,1,14.9,7143
148,2017-03-01,3,1,14.9,7723
148,2017-03-01,3,1,14.9,7723
148,2017-03-01,5,1,12.9,7723
148,2017-03-01,2,1,12.9,7723
148,2017-03-01,5,1,12.9,7723
148,2017-03-01,1,1,14.9,7723
149,2017-04-02,1,1,14.9,8242
149,2017-04-02,3,1,14.9,8242
149,2017-04-02,2,1,12.9,8242
150,2017-01-02,3,1,14.9,8497
150,2017-01-02,3,1,14.9,8497
150,2017-01-02,3,1,14.9,8497
151,2017-03-27,2,1,12.9,7321
151,2017-03-27,2,1,12.9,7321
152,2017-01-13,3,1,14.9,7055
152,2017-01-13,1,1,14.9,7055
152,2017-01-13,1,1,14.9,7055
153,2017-04-04,3,1,14.9,6166
153,2017-04-04,4,1,12.9,6166
153,2017-04-04,1,1,14.9,6166
153,2017-04-04,1,1,14.9,6166
154,2017-04-09,4,1,12.9,8421
154,2017-04-09,4,1,12.9,8421
155,2017-02-04,3,1,14.9,7804
155,2017-02-04,4,1,12.9,7804
155,2017-02-04,2,1,12.9,7804
156,2017-02-23,5,1,12.9,7424
156,2017-02-23,4,1,12.9,7424
156,2017-02-23,1,1,14.9,7424
156,2017-02-23,3,1,14.9,7424
157,2017-02-15,3,1,14.9,8817
157,2017-02-15,1,1,14.9,8817
157,2017-02-15,5,1,12.9,8817
158,2017-03-05,4,1,12.9,6342
158,2017-03-05,5,1,12.9,6342
158,2017-03-05,4,1,12.9,6342
158,2017-03-05,4,1,12.9,6342
159,2017-03-11,3,1,14.9,6049
159,2017-03-11,1,1,14.9,6049
160,2017-01-27,4,1,12.9,8018
160,2017-01-27,1,1,14.9,8018
160,2017-01-27,1,1,14.9,8018
160,2017-01-27,1,1,14.9,8018
161,2017-03-16,2,1,12.9,8720
161,2017-03-16,3,1,14.9,8720
162,2017-03-27,3,1,14.9,8687
162,2017-03-27,3,1,14.9,8687
162,2017-03-27,1,1,14.9,8687
163,2017-03-02,4,1,12.9,8871
163,2017-03-02,2,1,12.9,8871
163,2017-03-02,2,1,12.9,8871
164,2017-03-11,1,1,14.9,6456
164,2017-03-11,3,1,14.9,6456
164,2017-03-11,2,1,12.9,6456
164,2017-03-11,1,1,14.9,6456
164,2017-03-11,5,1,12.9,6456
164,2017-03-11,1,1,14.9,6456
164,2017-03-11,2,1,12.9,6456
164,2017-03-11,2,1,12.9,6456
165,2017-03-20,4,1,12.9,6804
165,2017-03-20,2,1,12.9,6804
165,2017-03-20,1,1,14.9,6804
166,2017-04-03,2,1,12.9,6353
166,2017-04-03,1,1,14.9,6353
167,2017-04-19,2,1,12.9,6426
167,2017-04-19,2,1,12.9,6426
167,2017-04-19,4,1,12.9,6426
167,2017-04-19,5,1,12.9,6426
167,2017-04-19,3,1,14.9,6426
168,2017-01-21,2,1,12.9,7735
168,2017-01-21,1,1,14.9,7735
168,2017-01-21,4,1,12.9,7735
169,2017-01-19,3,1,14.9,7506
169,2017-01-19,3,1,14.9,7506
170,2017-01-20,2,1,12.9,7259
170,2017-01-20,3,1,14.9,7259
171,2017-02-19,4,1,12.9,8463
171,2017-02-19,2,1,12.9,8463
171,2017-02-19,4,1,12.9,8463
171,2017-02-19,1,1,14.9,8463
171,2017-02-19,4,1,12.9,8463
171,2017-02-19,5,1,12.9,8463
171,2017-02-19,1,1,14.9,8463
172,2017-03-31,2,1,12.9,6772
172,2017-03-31,5,1,12.9,6772
173,2017-02-26,1,1,14.9,6308
173,2017-02-26,4,1,12.9,6308
173,2017-02-26,2,1,12.9,6308
173,2017-02-26,5,1,12.9,6308
173,2017-02-26,5,1,12.9,6308
173,2017-02-26,3,1,14.9,6308
174,2017-01-25,4,1,12.9,7126
174,2017-01-25,2,1,12.9,7126
174,2017-01-25,4,1,12.9,7126
174,2017-01-25,1,1,14.9,7126
174,2017-01-25,1,1,14.9,7126
175,2017-04-16,2,1,12.9,7103
175,2017-04-16,2,1,12.9,7103
175,2017-04-16,1,1,14.9,7103
176,2017-03-23,4,1,12.9,7059
176,2017-03-23,1,1,14.9,7059
176,2017-03-23,2,1,12.9,7059
177,2017-04-18,3,1,14.9,6595
177,2017-04-18,3,1,14.9,6595
177,2017-04-18,1,1,14.9,6595
177,2017-04-18,2,1,12.9,6595
177,2017-04-18,5,1,12.9,6595
178,2017-02-13,5,1,12.9,7259
178,2017-02-13,4,1,12.9,7259
178,2017-02-13,1,1,14.9,7259
179,2017-01-07,3,1,14.9,8371
179,2017-01-07,5,1,12.9,8371
179,2017-01-07,3,1,14.9,8371
179,2017-01-07,2,1,12.9,8371
180,2017-01-08,4,1,12.9,7508
180,2017-01-08,4,1,12.9,7508
180,2017-01-08,1,1,14.9,7508
181,2017-02-24,4,1,12.9,7216
181,2017-02-24,2,1,12.9,7216
181,2017-02-24,1,1,14.9,7216
181,2017-02-24,2,1,12.9,7216
182,2017-01-27,1,1,14.9,6902
182,2017-01-27,5,1,12.9,6902
182,2017-01-27,5,1,12.9,6902
183,2017-01-16,1,1,14.9,7712
183,2017-01-16,4,1,12.9,7712
183,2017-01-16,4,1,12.9,7712
184,2017-03-14,3,1,14.9,8783
185,2017-04-11,5,1,12.9,8027
185,2017-04-11,3,1,14.9,8027
186,2017-04-03,4,1,12.9,6580
186,2017-04-03,3,1,14.9,6580
186,2017-04-03,4,1,12.9,6580
186,2017-04-03,5,1,12.9,6580
186,2017-04-03,3,1,14.9,6580
186,2017-04-03,2,3,12.9,6580
186,2017-04-03,2,1,12.9,6580
187,2017-01-07,4,1,12.9,7247
187,2017-01-07,5,1,12.9,7247
187,2017-01-07,4,1,12.9,7247
187,2017-01-07,1,1,14.9,7247
187,2017-01-07,3,1,14.9,7247
188,2017-03-11,2,1,12.9,8014
188,2017-03-11,1,1,14.9,8014
189,2017-01-09,2,1,12.9,7608
189,2017-01-09,1,1,14.9,7608
189,2017-01-09,4,1,12.9,7608
190,2017-03-01,4,1,12.9,7555
190,2017-03-01,3,1,14.9,7555
190,2017-03-01,4,1,12.9,7555
190,2017-03-01,5,1,12.9,7555
190,2017-03-01,1,1,14.9,7555
190,2017-03-01,3,1,14.9,7555
191,2017-01-04,2,1,12.9,6496
191,2017-01-04,5,1,12.9,6496
192,2017-02-10,1,1,14.9,8811
192,2017-02-10,1,1,14.9,8811
192,2017-02-10,2,1,12.9,8811
192,2017-02-10,2,1,12.9,8811
193,2017-02-03,2,1,12.9,8437
193,2017-02-03,5,1,12.9,8437
193,2017-02-03,1,1,14.9,8437
193,2017-02-03,2,1,12.9,8437
194,2017-02-14,2,1,12.9,7810
194,2017-02-14,1,1,14.9,7810
194,2017-02-14,3,1,14.9,7810
194,2017-02-14,4,1,12.9,7810
195,2017-01-21,4,1,12.9,6093
195,2017-01-21,1,1,14.9,6093
196,2017-04-25,3,1,14.9,7004
196,2017-04-25,4,1,12.9,7004
196,2017-04-25,3,1,14.9,7004
197,2017-02-02,1,1,14.9,7588
197,2017-02-02,2,1,12.9,7588
197,2017-02-02,5,1,12.9,7588
197,2017-02-02,2,1,12.9,7588
197,2017-02-02,5,1,12.9,7588
198,2017-02-02,1,1,14.9,6861
198,2017-02-02,1,1,14.9,6861
199,2017-01-25,1,1,14.9,8983
199,2017-01-25,2,1,12.9,8983
199,2017-01-25,1,1,14.9,8983
200,2017-01-09,4,1,12.9,6425
200,2017-01-09,1,1,14.9,6425
200,2017-01-09,5,1,12.9,6425
200,2017-01-09,5,1,12.9,6425
201,2017-02-01,5,1,12.9,7959
201,2017-02-01,1,1,14.9,7959
201,2017-02-01,2,1,12.9,7959
202,2017-02-26,5,1,12.9,7432
202,2017-02-26,1,1,14.9,7432
202,2017-02-26,1,1,14.9,7432
202,2017-02-26,5,1,12.9,7432
202,2017-02-26,5,1,12.9,7432
203,2017-04-04,1,1,14.9,8228
203,2017-04-04,4,1,12.9,8228
203,2017-04-04,2,1,12.9,8228
203,2017-04-04,3,1,14.9,8228
204,2017-02-26,5,1,12.9,6986
204,2017-02-26,1,1,14.9,6986
205,2017-01-22,3,1,14.9,7308
205,2017-01-22,1,1,14.9,7308
206,2017-04-14,2,1,12.9,8298
206,2017-04-14,1,1,14.9,8298
207,2017-03-02,4,1,12.9,7769
207,2017-03-02,1,1,14.9,7769
207,2017-03-02,4,1,12.9,7769
207,2017-03-02,5,1,12.9,7769
208,2017-04-07,3,1,14.9,8659
208,2017-04-07,2,1,12.9,8659
208,2017-04-07,5,1,12.9,8659
209,2017-01-30,3,2,14.9,7578
209,2017-01-30,4,1,12.9,7578
209,2017-01-30,5,1,12.9,7578
210,2017-02-21,1,1,14.9,8062
210,2017-02-21,4,1,12.9,8062
210,2017-02-21,1,1,14.9,8062
211,2017-01-26,2,1,12.9,6487
211,2017-01-26,4,1,12.9,6487
211,2017-01-26,4,1,12.9,6487
212,2017-04-30,3,1,14.9,6501
212,2017-04-30,2,1,12.9,6501
213,2017-02-02,1,1,14.9,8817
213,2017-02-02,4,1,12.9,8817
213,2017-02-02,2,1,12.9,8817
213,2017-02-02,2,1,12.9,8817
214,2017-03-30,2,1,12.9,8816
214,2017-03-30,2,1,12.9,8816
214,2017-03-30,1,1,14.9,8816
215,2017-02-21,2,1,12.9,7763
215,2017-02-21,3,1,14.9,7763
215,2017-02-21,3,1,14.9,7763
216,2017-04-24,3,1,14.9,6132
216,2017-04-24,4,1,12.9,6132
216,2017-04-24,3,1,14.9,6132
216,2017-04-24,2,1,12.9,6132
217,2017-03-17,4,1,12.9,8800
217,2017-03-17,5,1,12.9,8800
217,2017-03-17,1,1,14.9,8800
217,2017-03-17,2,1,12.9,8800
217,2017-03-17,3,1,14.9,8800
218,2017-02-03,4,1,12.9,7827
218,2017-02-03,1,1,14.9,7827
218,2017-02-03,2,1,12.9,7827
219,2017-01-17,3,1,14.9,7893
219,2017-01-17,2,1,12.9,7893
219,2017-01-17,2,1,12.9,7893
219,2017-01-17,4,1,12.9,7893
219,2017-01-17,3,1,14.9,7893
219,2017-01-17,4,1,12.9,7893
219,2017-01-17,3,1,14.9,7893
219,2017-01-17,1,1,14.9,7893
220,2017-04-21,1,1,14.9,8216
220,2017-04-21,1,1,14.9,8216
220,2017-04-21,4,1,12.9,8216
221,2017-03-02,2,1,12.9,8618
221,2017-03-02,4,1,12.9,8618
221,2017-03-02,5,1,12.9,8618
221,2017-03-02,5,1,12.9,8618
221,2017-03-02,2,1,12.9,8618
222,2017-02-01,4,1,12.9,6515
222,2017-02-01,1,1,14.9,6515
222,2017-02-01,3,1,14.9,6515
222,2017-02-01,3,1,14.9,6515
223,2017-04-20,2,1,12.9,6365
223,2017-04-20,1,1,14.9,6365
224,2017-02-03,4,1,12.9,6394
224,2017-02-03,1,1,14.9,6394
225,2017-01-04,3,1,14.9,8454
225,2017-01-04,4,1,12.9,8454
225,2017-01-04,3,1,14.9,8454
225,2017-01-04,1,1,14.9,8454
225,2017-01-04,2,1,12.9,8454
225,2017-01-04,3,1,14.9,8454
226,2017-02-16,2,1,12.9,7026
226,2017-02-16,2,1,12.9,7026
226,2017-02-16,4,1,12.9,7026
227,2017-04-23,2,1,12.9,7075
227,2017-04-23,4,1,12.9,7075
228,2017-02-05,1,1,14.9,6885
228,2017-02-05,2,1,12.9,6885
229,2017-02-07,4,1,12.9,8860
229,2017-02-07,4,1,12.9,8860
229,2017-02-07,2,1,12.9,8860
229,2017-02-07,4,1,12.9,8860
229,2017-02-07,3,1,14.9,8860
230,2017-04-28,1,1,14.9,7996
230,2017-04-28,4,1,12.9,7996
230,2017-04-28,1,1,14.9,7996
230,2017-04-28,1,1,14.9,7996
231,2017-04-18,1,1,14.9,8805
231,2017-04-18,1,1,14.9,8805
231,2017-04-18,2,1,12.9,8805
231,2017-04-18,2,1,12.9,8805
232,2017-01-30,3,1,14.9,7554
232,2017-01-30,3,1,14.9,7554
232,2017-01-30,1,1,14.9,7554
232,2017-01-30,2,1,12.9,7554
233,2017-01-28,4,1,12.9,8104
233,2017-01-28,4,1,12.9,8104
233,2017-01-28,4,1,12.9,8104
233,2017-01-28,4,1,12.9,8104
234,2017-03-04,1,1,14.9,6567
234,2017-03-04,1,1,14.9,6567
234,2017-03-04,4,1,12.9,6567
235,2017-04-23,2,1,12.9,7054
235,2017-04-23,3,1,14.9,7054
235,2017-04-23,1,1,14.9,7054
235,2017-04-23,1,1,14.9,7054
235,2017-04-23,5,1,12.9,7054
235,2017-04-23,5,1,12.9,7054
236,2017-03-23,2,1,12.9,8125
236,2017-03-23,3,1,14.9,8125
237,2017-03-08,4,1,12.9,6801
237,2017-03-08,1,1,14.9,6801
237,2017-03-08,5,1,12.9,6801
238,2017-02-17,1,1,14.9,7764
238,2017-02-17,2,1,12.9,7764
239,2017-02-06,5,1,12.9,8137
239,2017-02-06,2,1,12.9,8137
239,2017-02-06,1,1,14.9,8137
239,2017-02-06,3,1,14.9,8137
239,2017-02-06,3,1,14.9,8137
240,2017-04-11,4,1,12.9,6349
240,2017-04-11,2,1,12.9,6349
240,2017-04-11,4,1,12.9,6349
241,2017-02-28,5,1,12.9,7804
241,2017-02-28,2,1,12.9,7804
241,2017-02-28,3,1,14.9,7804
241,2017-02-28,2,1,12.9,7804
242,2017-04-17,1,1,14.9,7014
243,2017-02-13,5,1,12.9,7922
243,2017-02-13,4,1,12.9,7922
243,2017-02-13,1,1,14.9,7922
244,2017-04-18,5,1,12.9,6994
244,2017-04-18,3,1,14.9,6994
244,2017-04-18,2,1,12.9,6994
244,2017-04-18,3,1,14.9,6994
245,2017-01-24,1,1,14.9,8305
245,2017-01-24,5,1,12.9,8305
245,2017-01-24,1,1,14.9,8305
245,2017-01-24,5,1,12.9,8305
246,2017-03-16,4,1,12.9,8158
246,2017-03-16,2,1,12.9,8158
246,2017-03-16,1,1,14.9,8158
247,2017-03-16,5,1,12.9,8565
247,2017-03-16,4,1,12.9,8565
248,2017-01-09,2,1,12.9,7959
248,2017-01-09,1,1,14.9,7959
248,2017-01-09,2,1,12.9,7959
248,2017-01-09,4,1,12.9,7959
248,2017-01-09,3,1,14.9,7959
248,2017-01-09,1,1,14.9,7959
249,2017-03-25,3,1,14.9,7627
249,2017-03-25,1,1,14.9,7627
249,2017-03-25,4,1,12.9,7627
249,2017-03-25,5,1,12.9,7627
249,2017-03-25,1,1,14.9,7627
249,2017-03-25,5,1,12.9,7627
249,2017-03-25,1,1,14.9,7627
249,2017-03-25,5,1,12.9,7627
250,2017-04-20,5,1,12.9,8354
250,2017-04-20,3,1,14.9,8354
250,2017-04-20,1,1,14.9,8354
251,2017-01-02,5,1,12.9,7100
251,2017-01-02,3,1,14.9,7100
251,2017-01-02,4,1,12.9,7100
251,2017-01-02,5,1,12.9,7100
252,2017-02-19,5,1,12.9,8701
252,2017-02-19,4,1,12.9,8701
252,2017-02-19,2,1,12.9,8701
252,2017-02-19,4,1,12.9,8701
253,2017-04-29,3,1,14.9,6389
253,2017-04-29,1,1,14.9,6389
253,2017-04-29,1,1,14.9,6389
253,2017-04-29,2,1,12.9,6389
253,2017-04-29,4,1,12.9,6389
254,2017-01-13,3,1,14.9,6939
254,2017-01-13,2,1,12.9,6939
255,2017-04-02,1,1,14.9,6681
255,2017-04-02,1,1,14.9,6681
255,2017-04-02,3,1,14.9,6681
255,2017-04-02,4,1,12.9,6681
255,2017-04-02,3,1,14.9,6681
255,2017-04-02,2,1,12.9,6681
255,2017-04-02,3,1,14.9,6681
255,2017-04-02,5,1,12.9,6681
256,2017-04-14,3,1,14.9,7775
256,2017-04-14,1,1,14.9,7775
256,2017-04-14,2,1,12.9,7775
257,2017-04-08,2,1,12.9,7475
257,2017-04-08,3,1,14.9,7475
258,2017-01-07,5,1,12.9,8665
258,2017-01-07,4,1,12.9,8665
258,2017-01-07,3,1,14.9,8665
259,2017-01-07,4,1,12.9,7471
259,2017-01-07,1,1,14.9,7471
259,2017-01-07,1,1,14.9,7471
259,2017-01-07,5,1,12.9,7471
259,2017-01-07,4,1,12.9,7471
260,2017-03-25,1,1,14.9,6464
260,2017-03-25,3,1,14.9,6464
260,2017-03-25,5,1,12.9,6464
261,2017-03-15,4,1,12.9,8896
261,2017-03-15,5,1,12.9,8896
261,2017-03-15,4,1,12.9,8896
261,2017-03-15,5,1,12.9,8896
261,2017-03-15,4,1,12.9,8896
261,2017-03-15,1,1,14.9,8896
261,2017-03-15,4,1,12.9,8896
261,2017-03-15,2,1,12.9,8896
262,2017-02-03,5,1,12.9,6957
262,2017-02-03,2,1,12.9,6957
263,2017-02-14,5,1,12.9,6856
263,2017-02-14,2,1,12.9,6856
264,2017-03-14,4,1,12.9,7331
264,2017-03-14,4,1,12.9,7331
264,2017-03-14,5,1,12.9,7331
264,2017-03-14,4,1,12.9,7331
265,2017-01-27,1,1,14.9,8086
265,2017-01-27,5,1,12.9,8086
265,2017-01-27,2,1,12.9,8086
265,2017-01-27,5,1,12.9,8086
265,2017-01-27,2,1,12.9,8086
266,2017-04-17,3,1,14.9,8130
266,2017-04-17,1,1,14.9,8130
266,2017-04-17,3,1,14.9,8130
267,2017-04-08,4,1,12.9,8681
267,2017-04-08,1,1,14.9,8681
267,2017-04-08,2,1,12.9,8681
267,2017-04-08,2,1,12.9,8681
268,2017-02-11,5,2,12.9,8439
268,2017-02-11,3,1,14.9,8439
269,2017-01-26,3,1,14.9,8846
269,2017-01-26,3,1,14.9,8846
269,2017-01-26,1,1,14.9,8846
270,2017-04-25,1,1,14.9,8202
270,2017-04-25,2,1,12.9,8202
270,2017-04-25,3,1,14.9,8202
271,2017-01-20,5,1,12.9,6088
271,2017-01-20,2,1,12.9,6088
271,2017-01-20,4,1,12.9,6088
271,2017-01-20,4,1,12.9,6088
272,2017-03-28,1,1,14.9,8339
272,2017-03-28,5,1,12.9,8339
272,2017-03-28,5,1,12.9,8339
272,2017-03-28,2,1,12.9,8339
272,2017-03-28,3,1,14.9,8339
272,2017-03-28,2,1,12.9,8339
273,2017-01-03,2,1,12.9,7202
273,2017-01-03,1,1,14.9,7202
273,2017-01-03,4,1,12.9,7202
274,2017-02-03,4,1,12.9,7801
274,2017-02-03,1,1,14.9,7801
274,2017-02-03,4,1,12.9,7801
274,2017-02-03,1,1,14.9,7801
275,2017-01-05,3,1,14.9,6855
275,2017-01-05,4,1,12.9,6855
276,2017-03-29,3,1,14.9,7944
276,2017-03-29,3,1,14.9,7944
276,2017-03-29,2,1,12.9,7944
276,2017-03-29,2,1,12.9,7944
277,2017-01-17,2,1,12.9,8439
277,2017-01-17,2,1,12.9,8439
278,2017-01-28,2,1,12.9,7233
278,2017-01-28,5,1,12.9,7233
278,2017-01-28,2,1,12.9,7233
279,2017-04-20,4,1,12.9,8368
279,2017-04-20,4,1,12.9,8368
279,2017-04-20,5,1,12.9,8368
280,2017-03-15,3,1,14.9,6508
280,2017-03-15,5,1,12.9,6508
280,2017-03-15,2,1,12.9,6508
281,2017-03-23,3,1,14.9,7489
281,2017-03-23,5,1,12.9,7489
281,2017-03-23,5,1,12.9,7489
281,2017-03-23,2,1,12.9,7489
282,2017-01-03,3,1,14.9,6053
282,2017-01-03,2,1,12.9,6053
282,2017-01-03,5,1,12.9,6053
282,2017-01-03,5,1,12.9,6053
282,2017-01-03,1,1,14.9,6053
283,2017-04-28,3,1,14.9,6663
283,2017-04-28,1,1,14.9,6663
283,2017-04-28,5,1,12.9,6663
284,2017-02-15,4,1,12.9,8407
284,2017-02-15,1,1,14.9,8407
284,2017-02-15,3,1,14.9,8407
284,2017-02-15,4,1,12.9,8407
285,2017-04-01,3,1,14.9,8457
285,2017-04-01,4,1,12.9,8457
286,2017-02-15,3,1,14.9,6514
286,2017-02-15,1,1,14.9,6514
286,2017-02-15,5,1,12.9,6514
287,2017-04-25,3,1,14.9,8351
287,2017-04-25,4,1,12.9,8351
287,2017-04-25,3,1,14.9,8351
288,2017-03-14,2,1,12.9,6503
288,2017-03-14,1,1,14.9,6503
288,2017-03-14,3,1,14.9,6503
288,2017-03-14,1,1,14.9,6503
288,2017-03-14,1,1,14.9,6503
288,2017-03-14,4,1,12.9,6503
289,2017-02-05,3,1,14.9,7110
289,2017-02-05,5,1,12.9,7110
290,2017-02-05,3,1,14.9,7781
290,2017-02-05,2,1,12.9,7781
290,2017-02-05,2,1,12.9,7781
290,2017-02-05,3,1,14.9,7781
290,2017-02-05,5,1,12.9,7781
291,2017-04-26,3,1,14.9,6698
291,2017-04-26,1,1,14.9,6698
291,2017-04-26,3,1,14.9,6698
291,2017-04-26,1,1,14.9,6698
292,2017-03-07,4,1,12.9,6139
292,2017-03-07,1,1,14.9,6139
292,2017-03-07,1,1,14.9,6139
292,2017-03-07,4,1,12.9,6139
293,2017-02-09,3,1,14.9,8681
293,2017-02-09,4,1,12.9,8681
293,2017-02-09,5,1,12.9,8681
294,2017-01-04,5,1,12.9,7141
294,2017-01-04,5,1,12.9,7141
295,2017-03-20,2,1,12.9,8638
295,2017-03-20,4,1,12.9,8638
295,2017-03-20,4,1,12.9,8638
296,2017-02-21,4,1,12.9,7284
296,2017-02-21,3,1,14.9,7284
296,2017-02-21,1,1,14.9,7284
296,2017-02-21,3,1,14.9,7284
297,2017-01-27,4,1,12.9,7763
297,2017-01-27,5,1,12.9,7763
298,2017-01-09,1,1,14.9,8616
298,2017-01-09,2,1,12.9,8616
298,2017-01-09,2,1,12.9,8616
299,2017-03-20,1,1,14.9,7419
299,2017-03-20,4,1,12.9,7419
299,2017-03-20,4,1,12.9,7419
299,2017-03-20,2,1,12.9,7419
300,2017-01-24,5,1,12.9,8898
300,2017-01-24,1,1,14.9,8898
300,2017-01-24,3,1,14.9,8898
301,2017-03-14,4,1,12.9,6388
301,2017-03-14,2,1,12.9,6388
301,2017-03-14,4,1,12.9,6388
301,2017-03-14,5,1,12.9,6388
302,2017-04-06,5,1,12.9,7865
302,2017-04-06,3,1,14.9,7865
302,2017-04-06,5,1,12.9,7865
302,2017-04-06,3,1,14.9,7865
302,2017-04-06,2,1,12.9,7865
303,2017-03-20,5,1,12.9,8063
303,2017-03-20,5,1,12.9,8063
303,2017-03-20,4,1,12.9,8063
303,2017-03-20,4,1,12.9,8063
303,2017-03-20,2,1,12.9,8063
304,2017-02-13,5,1,12.9,6120
304,2017-02-13,1,1,14.9,6120
304,2017-02-13,5,1,12.9,6120
304,2017-02-13,3,1,14.9,6120
304,2017-02-13,5,1,12.9,6120
305,2017-01-30,5,1,12.9,7398
305,2017-01-30,5,1,12.9,7398
305,2017-01-30,2,1,12.9,7398
305,2017-01-30,4,1,12.9,7398
305,2017-01-30,3,1,14.9,7398
305,2017-01-30,1,1,14.9,7398
306,2017-03-16,3,1,14.9,7918
306,2017-03-16,5,1,12.9,7918
306,2017-03-16,5,1,12.9,7918
306,2017-03-16,3,1,14.9,7918
306,2017-03-16,4,1,12.9,7918
306,2017-03-16,2,1,12.9,7918
307,2017-04-03,1,2,14.9,7784
307,2017-04-03,1,1,14.9,7784
307,2017-04-03,2,1,12.9,7784
307,2017-04-03,3,1,14.9,7784
307,2017-04-03,1,1,14.9,7784
308,2017-04-05,4,1,12.9,7005
308,2017-04-05,2,1,12.9,7005
308,2017-04-05,4,1,12.9,7005
309,2017-03-28,1,1,14.9,8620
309,2017-03-28,4,1,12.9,8620
310,2017-03-09,3,1,14.9,7108
310,2017-03-09,4,1,12.9,7108
310,2017-03-09,2,1,12.9,7108
310,2017-03-09,5,1,12.9,7108
311,2017-01-20,1,1,14.9,8587
311,2017-01-20,5,1,12.9,8587
311,2017-01-20,5,1,12.9,8587
311,2017-01-20,5,1,12.9,8587
312,2017-04-03,5,1,12.9,7365
312,2017-04-03,2,1,12.9,7365
313,2017-03-18,4,1,12.9,8179
313,2017-03-18,1,1,14.9,8179
313,2017-03-18,2,1,12.9,8179
313,2017-03-18,5,1,12.9,8179
313,2017-03-18,2,1,12.9,8179
313,2017-03-18,5,1,12.9,8179
314,2017-04-27,2,1,12.9,8466
314,2017-04-27,2,1,12.9,8466
314,2017-04-27,4,1,12.9,8466
315,2017-01-27,5,1,12.9,7782
315,2017-01-27,3,1,14.9,7782
315,2017-01-27,3,1,14.9,7782
316,2017-03-25,5,1,12.9,6288
316,2017-03-25,4,1,12.9,6288
317,2017-04-19,2,1,12.9,7559
317,2017-04-19,4,1,12.9,7559
317,2017-04-19,2,1,12.9,7559
318,2017-03-28,3,1,14.9,7032
318,2017-03-28,4,1,12.9,7032
319,2017-04-06,4,1,12.9,6104
319,2017-04-06,4,1,12.9,6104
319,2017-04-06,1,1,14.9,6104
320,2017-03-23,2,1,12.9,6027
320,2017-03-23,4,1,12.9,6027
320,2017-03-23,1,1,14.9,6027
321,2017-01-27,3,1,14.9,8197
321,2017-01-27,1,1,14.9,8197
322,2017-01-17,3,1,14.9,6406
322,2017-01-17,1,1,14.9,6406
322,2017-01-17,5,1,12.9,6406
322,2017-01-17,4,1,12.9,6406
323,2017-04-15,2,1,12.9,8854
323,2017-04-15,2,1,12.9,8854
323,2017-04-15,2,1,12.9,8854
323,2017-04-15,3,1,14.9,8854
324,2017-03-30,5,1,12.9,6299
324,2017-03-30,5,1,12.9,6299
325,2017-03-19,4,1,12.9,6057
325,2017-03-19,3,1,14.9,6057
325,2017-03-19,3,1,14.9,6057
325,2017-03-19,4,1,12.9,6057
326,2017-01-16,4,1,12.9,8990
326,2017-01-16,4,1,12.9,8990
326,2017-01-16,2,1,12.9,8990
327,2017-01-14,1,1,14.9,7930
327,2017-01-14,1,1,14.9,7930
327,2017-01-14,2,1,12.9,7930
327,2017-01-14,1,1,14.9,7930
327,2017-01-14,5,1,12.9,7930
328,2017-02-17,1,1,14.9,6754
328,2017-02-17,5,1,12.9,6754
328,2017-02-17,1,1,14.9,6754
328,2017-02-17,2,1,12.9,6754
329,2017-01-13,4,1,12.9,8983
329,2017-01-13,5,1,12.9,8983
330,2017-02-05,2,1,12.9,8813
330,2017-02-05,1,1,14.9,8813
330,2017-02-05,1,1,14.9,8813
331,2017-01-14,5,1,12.9,7365
331,2017-01-14,4,1,12.9,7365
331,2017-01-14,5,1,12.9,7365
331,2017-01-14,5,1,12.9,7365
331,2017-01-14,1,1,14.9,7365
332,2017-02-26,4,1,12.9,8612
332,2017-02-26,2,1,12.9,8612
332,2017-02-26,4,1,12.9,8612
333,2017-03-18,4,1,12.9,7157
333,2017-03-18,2,1,12.9,7157
333,2017-03-18,2,1,12.9,7157
334,2017-04-04,1,1,14.9,7203
334,2017-04-04,1,3,14.9,7203
334,2017-04-04,5,1,12.9,7203
334,2017-04-04,2,1,12.9,7203
335,2017-01-28,3,1,14.9,8398
335,2017-01-28,1,1,14.9,8398
335,2017-01-28,1,1,14.9,8398
335,2017-01-28,2,1,12.9,8398
336,2017-03-05,5,1,12.9,7312
336,2017-03-05,4,1,12.9,7312
336,2017-03-05,4,1,12.9,7312
336,2017-03-05,4,1,12.9,7312
337,2017-02-21,3,1,14.9,7622
337,2017-02-21,1,1,14.9,7622
337,2017-02-21,2,1,12.9,7622
337,2017-02-21,1,1,14.9,7622
338,2017-02-11,5,1,12.9,8627
338,2017-02-11,3,1,14.9,8627
338,2017-02-11,1,1,14.9,8627
339,2017-02-17,4,1,12.9,6096
340,2017-03-15,5,1,12.9,6393
340,2017-03-15,4,1,12.9,6393
340,2017-03-15,4,1,12.9,6393
341,2017-01-18,1,1,14.9,6040
341,2017-01-18,2,1,12.9,6040
341,2017-01-18,2,1,12.9,6040
342,2017-04-18,1,1,14.9,8299
342,2017-04-18,3,1,14.9,8299
342,2017-04-18,4,1,12.9,8299
343,2017-03-27,1,1,14.9,6133
343,2017-03-27,3,1,14.9,6133
344,2017-03-03,3,1,14.9,8643
344,2017-03-03,3,1,14.9,8643
345,2017-01-23,5,1,12.9,8806
345,2017-01-23,4,1,12.9,8806
345,2017-01-23,4,1,12.9,8806
345,2017-01-23,2,1,12.9,8806
345,2017-01-23,4,1,12.9,8806
346,2017-01-20,5,1,12.9,6478
346,2017-01-20,3,1,14.9,6478
346,2017-01-20,2,1,12.9,6478
347,2017-03-09,4,1,12.9,6452
347,2017-03-09,3,1,14.9,6452
347,2017-03-09,5,1,12.9,6452
348,2017-03-20,1,1,14.9,6124
348,2017-03-20,1,1,14.9,6124
349,2017-04-17,5,1,12.9,8446
349,2017-04-17,3,1,14.9,8446
350,2017-01-25,4,1,12.9,7278
350,2017-01-25,3,1,14.9,7278
350,2017-01-25,1,1,14.9,7278
350,2017-01-25,5,1,12.9,7278
351,2017-03-12,4,1,12.9,7179
351,2017-03-12,2,1,12.9,7179
351,2017-03-12,5,1,12.9,7179
352,2017-02-20,3,1,14.9,8789
352,2017-02-20,1,1,14.9,8789
352,2017-02-20,3,1,14.9,8789
353,2017-02-22,2,1,12.9,6122
353,2017-02-22,1,1,14.9,6122
354,2017-02-04,5,1,12.9,7983
354,2017-02-04,4,1,12.9,7983
354,2017-02-04,2,1,12.9,7983
355,2017-01-19,2,1,12.9,6128
356,2017-04-16,3,1,14.9,7940
356,2017-04-16,2,1,12.9,7940
356,2017-04-16,2,1,12.9,7940
357,2017-04-10,5,1,12.9,7659
357,2017-04-10,4,1,12.9,7659
357,2017-04-10,1,1,14.9,7659
357,2017-04-10,4,1,12.9,7659
357,2017-04-10,3,1,14.9,7659
358,2017-01-21,4,1,12.9,6055
358,2017-01-21,2,1,12.9,6055
358,2017-01-21,3,1,14.9,6055
358,2017-01-21,2,1,12.9,6055
358,2017-01-21,1,1,14.9,6055
359,2017-03-29,2,1,12.9,8609
359,2017-03-29,3,1,14.9,8609
359,2017-03-29,2,1,12.9,8609
360,2017-02-26,2,1,12.9,6356
360,2017-02-26,2,1,12.9,6356
360,2017-02-26,2,1,12.9,6356
361,2017-02-19,5,1,12.9,7405
361,2017-02-19,4,1,12.9,7405
361,2017-02-19,4,1,12.9,7405
361,2017-02-19,2,1,12.9,7405
361,2017-02-19,1,1,14.9,7405
361,2017-02-19,4,1,12.9,7405
362,2017-03-18,5,1,12.9,8396
362,2017-03-18,3,1,14.9,8396
362,2017-03-18,4,1,12.9,8396
362,2017-03-18,2,1,12.9,8396
363,2017-01-06,1,1,14.9,8072
363,2017-01-06,1,1,14.9,8072
363,2017-01-06,2,1,12.9,8072
363,2017-01-06,5,1,12.9,8072
363,2017-01-06,4,1,12.9,8072
364,2017-04-20,5,1,12.9,6712
364,2017-04-20,3,1,14.9,6712
365,2017-03-04,3,1,14.9,7860
365,2017-03-04,3,1,14.9,7860
365,2017-03-04,5,1,12.9,7860
366,2017-01-26,1,1,14.9,8040
366,2017-01-26,3,1,14.9,8040
366,2017-01-26,1,1,14.9,8040
366,2017-01-26,1,1,14.9,8040
366,2017-01-26,2,2,12.9,8040
367,2017-03-12,5,1,12.9,8345
367,2017-03-12,2,1,12.9,8345
367,2017-03-12,1,1,14.9,8345
367,2017-03-12,3,1,14.9,8345
367,2017-03-12,3,1,14.9,8345
367,2017-03-12,5,1,12.9,8345
368,2017-02-11,4,1,12.9,7488
369,2017-04-05,4,1,12.9,7924
369,2017-04-05,1,1,14.9,7924
369,2017-04-05,5,1,12.9,7924
370,2017-01-10,2,1,12.9,6829
370,2017-01-10,4,1,12.9,6829
371,2017-04-19,1,1,14.9,6788
371,2017-04-19,5,1,12.9,6788
371,2017-04-19,4,1,12.9,6788
372,2017-02-02,4,1,12.9,8226
372,2017-02-02,5,1,12.9,8226
372,2017-02-02,3,1,14.9,8226
373,2017-03-26,3,1,14.9,7358
373,2017-03-26,2,1,12.9,7358
373,2017-03-26,3,1,14.9,7358
373,2017-03-26,4,1,12.9,7358
373,2017-03-26,1,1,14.9,7358
374,2017-03-21,4,1,12.9,8999
374,2017-03-21,4,1,12.9,8999
374,2017-03-21,2,1,12.9,8999
375,2017-03-01,2,1,12.9,8099
375,2017-03-01,3,1,14.9,8099
375,2017-03-01,3,1,14.9,8099
376,2017-04-20,1,1,14.9,7753
376,2017-04-20,4,1,12.9,7753
376,2017-04-20,2,1,12.9,7753
377,2017-04-15,2,1,12.9,6613
377,2017-04-15,4,1,12.9,6613
377,2017-04-15,2,1,12.9,6613
377,2017-04-15,5,1,12.9,6613
377,2017-04-15,5,1,12.9,6613
378,2017-01-15,4,1,12.9,8930
378,2017-01-15,3,1,14.9,8930
378,2017-01-15,3,1,14.9,8930
378,2017-01-15,4,1,12.9,8930
379,2017-02-22,3,1,14.9,6898
379,2017-02-22,2,1,12.9,6898
380,2017-03-03,5,1,12.9,7966
380,2017-03-03,3,1,14.9,7966
380,2017-03-03,1,1,14.9,7966
381,2017-01-11,4,1,12.9,8994
381,2017-01-11,3,1,14.9,8994
382,2017-04-16,3,1,14.9,6179
382,2017-04-16,3,1,14.9,6179
383,2017-01-26,3,1,14.9,7693
383,2017-01-26,3,1,14.9,7693
383,2017-01-26,2,1,12.9,7693
383,2017-01-26,3,1,14.9,7693
383,2017-01-26,2,1,12.9,7693
383,2017-01-26,1,1,14.9,7693
384,2017-04-28,2,1,12.9,6401
384,2017-04-28,4,1,12.9,6401
384,2017-04-28,4,1,12.9,6401
384,2017-04-28,5,1,12.9,6401
384,2017-04-28,2,1,12.9,6401
385,2017-02-25,3,1,14.9,6765
385,2017-02-25,4,1,12.9,6765
385,2017-02-25,2,1,12.9,6765
386,2017-01-18,5,1,12.9,8483
386,2017-01-18,2,1,12.9,8483
386,2017-01-18,2,1,12.9,8483
387,2017-04-30,5,1,12.9,8624
388,2017-01-31,4,1,12.9,8320
388,2017-01-31,2,1,12.9,8320
388,2017-01-31,1,1,14.9,8320
389,2017-02-22,1,1,14.9,6999
389,2017-02-22,1,2,14.9,6999
389,2017-02-22,2,1,12.9,6999
390,2017-01-08,3,1,14.9,6581
390,2017-01-08,3,1,14.9,6581
391,2017-02-27,3,1,14.9,6700
391,2017-02-27,2,1,12.9,6700
392,2017-03-15,3,1,14.9,7798
392,2017-03-15,3,1,14.9,7798
392,2017-03-15,4,1,12.9,7798
392,2017-03-15,4,1,12.9,7798
392,2017-03-15,2,1,12.9,7798
393,2017-01-07,3,1,14.9,8937
393,2017-01-07,4,1,12.9,8937
394,2017-03-29,4,1,12.9,7192
394,2017-03-29,4,1,12.9,7192
395,2017-01-09,3,1,14.9,7392
395,2017-01-09,2,1,12.9,7392
395,2017-01-09,1,1,14.9,7392
396,2017-01-08,3,1,14.9,7307
396,2017-01-08,3,1,14.9,7307
397,2017-01-08,1,1,14.9,8332
398,2017-01-18,1,1,14.9,6919
398,2017-01-18,3,1,14.9,6919
399,2017-04-16,2,1,12.9,8904
399,2017-04-16,1,1,14.9,8904
399,2017-04-16,1,1,14.9,8904
399,2017-04-16,5,1,12.9,8904
400,2017-02-26,3,1,14.9,8065
400,2017-02-26,1,1,14.9,8065
400,2017-02-26,4,1,12.9,8065
401,2017-02-24,5,1,12.9,8747
401,2017-02-24,2,1,12.9,8747
401,2017-02-24,5,1,12.9,8747
402,2017-03-20,3,1,14.9,7306
402,2017-03-20,4,1,12.9,7306
402,2017-03-20,2,1,12.9,7306
403,2017-03-28,3,1,14.9,6208
403,2017-03-28,2,1,12.9,6208
403,2017-03-28,2,1,12.9,6208
404,2017-03-17,5,1,12.9,8333
404,2017-03-17,3,1,14.9,8333
405,2017-02-08,4,1,12.9,6824
405,2017-02-08,5,1,12.9,6824
405,2017-02-08,3,1,14.9,6824
406,2017-02-22,2,1,12.9,7534
406,2017-02-22,3,1,14.9,7534
406,2017-02-22,4,1,12.9,7534
407,2017-04-26,4,1,12.9,8888
407,2017-04-26,3,1,14.9,8888
407,2017-04-26,3,1,14.9,8888
408,2017-03-09,3,1,14.9,7010
408,2017-03-09,1,1,14.9,7010
408,2017-03-09,4,1,12.9,7010
408,2017-03-09,1,1,14.9,7010
409,2017-02-08,4,1,12.9,8403
409,2017-02-08,5,1,12.9,8403
410,2017-04-20,4,2,12.9,8582
410,2017-04-20,1,1,14.9,8582
410,2017-04-20,4,1,12.9,8582
410,2017-04-20,5,1,12.9,8582
410,2017-04-20,3,1,14.9,8582
411,2017-03-01,4,1,12.9,6351
411,2017-03-01,2,1,12.9,6351
412,2017-04-01,1,1,14.9,6597
412,2017-04-01,1,1,14.9,6597
412,2017-04-01,4,1,12.9,6597
412,2017-04-01,5,1,12.9,6597
413,2017-03-05,1,1,14.9,6723
413,2017-03-05,4,1,12.9,6723
413,2017-03-05,5,1,12.9,6723
414,2017-02-07,3,1,14.9,6032
414,2017-02-07,2,1,12.9,6032
414,2017-02-07,5,1,12.9,6032
415,2017-02-16,1,1,14.9,8471
416,2017-04-13,4,1,12.9,6127
416,2017-04-13,4,1,12.9,6127
416,2017-04-13,5,1,12.9,6127
417,2017-01-16,5,1,12.9,6482
417,2017-01-16,1,1,14.9,6482
417,2017-01-16,4,1,12.9,6482
418,2017-01-05,5,1,12.9,8079
418,2017-01-05,1,1,14.9,8079
418,2017-01-05,1,1,14.9,8079
418,2017-01-05,3,1,14.9,8079
418,2017-01-05,2,1,12.9,8079
418,2017-01-05,4,1,12.9,8079
419,2017-01-18,3,1,14.9,6079
419,2017-01-18,2,1,12.9,6079
419,2017-01-18,2,1,12.9,6079
419,2017-01-18,2,1,12.9,6079
420,2017-04-08,1,1,14.9,7116
420,2017-04-08,1,1,14.9,7116
420,2017-04-08,2,1,12.9,7116
421,2017-03-19,1,1,14.9,6920
421,2017-03-19,2,1,12.9,6920
421,2017-03-19,5,1,12.9,6920
421,2017-03-19,1,1,14.9,6920
421,2017-03-19,1,1,14.9,6920
422,2017-02-04,1,1,14.9,7717
422,2017-02-04,5,1,12.9,7717
423,2017-01-01,4,1,12.9,6896
423,2017-01-01,4,1,12.9,6896
424,2017-02-28,2,1,12.9,7946
424,2017-02-28,3,1,14.9,7946
424,2017-02-28,4,1,12.9,7946
425,2017-01-31,3,1,14.9,7155
425,2017-01-31,4,1,12.9,7155
425,2017-01-31,4,1,12.9,7155
425,2017-01-31,1,1,14.9,7155
425,2017-01-31,1,1,14.9,7155
426,2017-01-22,2,1,12.9,8483
426,2017-01-22,2,1,12.9,8483
427,2017-04-07,1,1,14.9,7280
427,2017-04-07,1,1,14.9,7280
427,2017-04-07,5,1,12.9,7280
427,2017-04-07,2,1,12.9,7280
428,2017-04-11,1,1,14.9,7486
428,2017-04-11,1,1,14.9,7486
429,2017-03-30,1,1,14.9,8117
429,2017-03-30,3,1,14.9,8117
429,2017-03-30,1,1,14.9,8117
430,2017-02-04,5,1,12.9,7124
430,2017-02-04,1,1,14.9,7124
431,2017-03-20,3,1,14.9,8098
431,2017-03-20,1,1,14.9,8098
431,2017-03-20,4,1,12.9,8098
432,2017-04-20,1,1,14.9,7883
432,2017-04-20,1,1,14.9,7883
432,2017-04-20,3,1,14.9,7883
433,2017-03-16,1,1,14.9,7129
433,2017-03-16,3,1,14.9,7129
433,2017-03-16,1,1,14.9,7129
433,2017-03-16,3,1,14.9,7129
434,2017-01-20,5,1,12.9,6944
434,2017-01-20,1,1,14.9,6944
434,2017-01-20,4,1,12.9,6944
434,2017-01-20,3,1,14.9,6944
435,2017-03-20,3,1,14.9,7757
435,2017-03-20,1,1,14.9,7757
436,2017-03-06,2,1,12.9,7366
436,2017-03-06,5,1,12.9,7366
436,2017-03-06,3,1,14.9,7366
437,2017-04-02,5,1,12.9,6705
437,2017-04-02,3,1,14.9,6705
437,2017-04-02,2,1,12.9,6705
437,2017-04-02,2,1,12.9,6705
438,2017-04-12,5,1,12.9,6428
438,2017-04-12,1,1,14.9,6428
438,2017-04-12,1,1,14.9,6428
438,2017-04-12,5,1,12.9,6428
438,2017-04-12,1,1,14.9,6428
439,2017-03-13,2,1,12.9,8813
439,2017-03-13,2,1,12.9,8813
439,2017-03-13,3,1,14.9,8813
440,2017-03-28,4,1,12.9,7308
440,2017-03-28,3,1,14.9,7308
440,2017-03-28,5,1,12.9,7308
441,2017-02-22,2,1,12.9,7043
441,2017-02-22,1,1,14.9,7043
441,2017-02-22,1,1,14.9,7043
442,2017-01-24,2,1,12.9,7547
442,2017-01-24,4,1,12.9,7547
442,2017-01-24,5,1,12.9,7547
443,2017-01-29,4,1,12.9,8274
443,2017-01-29,3,1,14.9,8274
443,2017-01-29,2,1,12.9,8274
443,2017-01-29,1,1,14.9,8274
444,2017-04-02,5,1,12.9,6600
444,2017-04-02,4,1,12.9,6600
444,2017-04-02,1,1,14.9,6600
444,2017-04-02,4,1,12.9,6600
444,2017-04-02,5,1,12.9,6600
445,2017-04-15,4,1,12.9,6562
445,2017-04-15,4,1,12.9,6562
445,2017-04-15,2,1,12.9,6562
445,2017-04-15,1,1,14.9,6562
446,2017-04-11,1,1,14.9,8748
446,2017-04-11,2,1,12.9,8748
446,2017-04-11,1,1,14.9,8748
447,2017-04-01,1,1,14.9,6569
447,2017-04-01,5,1,12.9,6569
447,2017-04-01,1,1,14.9,6569
447,2017-04-01,1,1,14.9,6569
447,2017-04-01,1,1,14.9,6569
448,2017-02-21,3,1,14.9,8977
448,2017-02-21,4,1,12.9,8977
449,2017-03-15,1,1,14.9,7062
449,2017-03-15,3,1,14.9,7062
449,2017-03-15,4,1,12.9,7062
450,2017-01-17,1,1,14.9,6296
450,2017-01-17,3,2,14.9,6296
450,2017-01-17,5,1,12.9,6296
450,2017-01-17,5,1,12.9,6296
450,2017-01-17,4,1,12.9,6296
450,2017-01-17,2,1,12.9,6296
